{
    "m_Version": 7,
    "SpawnLocations": [
        {
            "Name": "Random1",
            "Positions": [
                [
                    4463.19, 
                    3.20524, 
                    5225.65
                ],
                [
                    5133.05, 
                    15.6695, 
                    8518.05
                ],
                [
                    2806.05, 
                    8.75995, 
                    6318
                ],
                [
                    13156.8, 
                    80.8715, 
                    1998.56
                ],
                [
                    14600.2, 
                    170.786, 
                    13583.8
                ],
                [
                    13086.4, 
                    7.84444, 
                    6292.1
                ],
                [
                    454.364, 
                    50.7625, 
                    1863.72
                ],
                [
                    6338.55, 
                    41.9376, 
                    14265.6
                ],
                [
                    10415.4, 
                    1.94046, 
                    2068.79
                ],
                [
                    4849, 
                    123.953, 
                    3494.54
                ],
                [
                    9685.03, 
                    25.7989, 
                    6776.4
                ],
                [
                    8162.03, 
                    240.503, 
                    10545.5
                ],
                [
                    14876.1, 
                    5.85319, 
                    5753.94
                ],
                [
                    7855.06, 
                    442.937, 
                    11331.2
                ],
                [
                    7618.22, 
                    31.0932, 
                    2695.85
                ],
                [
                    7261.87, 
                    5.07386, 
                    8774.95
                ],
                [
                    14271.6, 
                    96.3474, 
                    1868.93
                ],
                [
                    14496.7, 
                    82.9489, 
                    15080.5
                ],
                [
                    6584.09, 
                    109.483, 
                    2595.16
                ],
                [
                    8907.69, 
                    0.869235, 
                    9238.31
                ]
            ],
            "UseCooldown": 1
        }
    ],
    "StartingClothing": {
        "EnableCustomClothing": 1,
        "SetRandomHealth": 1,
        "Headgear": [],
        "Glasses": [],
        "Masks": [],
        "Tops": [
            "TShirt_Green",
            "TShirt_Blue",
            "TShirt_Black",
            "TShirt_Beige",
            "TShirt_Red",
            "TShirt_OrangeWhiteStripes",
            "TShirt_White",
            "TShirt_Red",
            "TShirt_Grey",
            "TShirt_RedBlackStripes"
        ],
        "Vests": [],
        "Gloves": [],
        "Pants": [
            "CanvasPants_Beige",
            "CanvasPants_Blue",
            "CanvasPants_Grey",
            "CanvasPants_Red",
            "CanvasPants_Violet",
            "CanvasPantsMidi_Beige",
            "CanvasPantsMidi_Blue",
            "CanvasPantsMidi_Grey",
            "CanvasPantsMidi_Red",
            "CanvasPantsMidi_Violet"
        ],
        "Belts": [],
        "Shoes": [
            "AthleticShoes_Blue",
            "AthleticShoes_Grey",
            "AthleticShoes_Brown",
            "AthleticShoes_Green",
            "AthleticShoes_Black"
        ],
        "Armbands": [],
        "Backpacks": [
            "TaloonBag_Blue",
            "TaloonBag_Green",
            "TaloonBag_Orange",
            "TaloonBag_Violet"
        ]
    },
    "EnableSpawnSelection": 1,
    "SpawnOnTerritory": 0,
    "StartingGear": {
        "EnableStartingGear": 1,
        "ApplyEnergySources": 1,
        "SetRandomHealth": 0,
        "UpperGear": [
            {
                "ClassName": "Rag",
                "Quantity": 4,
                "Attachments": []
            },
            {
                "ClassName": "Apple",
                "Quantity": -1,
                "Attachments": []
            },
            {
                "ClassName": "Chemlight_White",
                "Quantity": -1,
                "Attachments": []
            }
        ],
        "PantsGear": [
            {
                "ClassName": "SNAFUP90_50rdMag",
                "Quantity": 100,
                "Attachments": []
            },
            {
                "ClassName": "SNAFUP90_50rdMag",
                "Quantity": 100,
                "Attachments": []
            }
        ],
        "BackpackGear": [],
        "VestGear": [],
        "PrimaryWeapon": {
            "ClassName": "SNAFUP90",
            "Quantity": 1,
            "Attachments": [
                "SNAFU_Standardized_Suppressor_Black",
                "SNAFUP90_50rdMag"
            ]
        },
        "SecondaryWeapon": {}
    },
    "UseLoadouts": 0,
    "MaleLoadouts": [
        {
            "Loadout": "PlayerSurvivorLoadout",
            "Chance": 1.0
        }
    ],
    "FemaleLoadouts": [
        {
            "Loadout": "PlayerSurvivorLoadout",
            "Chance": 1.0
        }
    ],
    "SpawnHealthValue": 100.0,
    "SpawnEnergyValue": 500.0,
    "SpawnWaterValue": 500.0,
    "EnableRespawnCooldowns": 1,
    "RespawnCooldown": 120,
    "TerritoryRespawnCooldown": 240,
    "PunishMultispawn": 1,
    "PunishCooldown": 120,
    "PunishTimeframe": 300,
    "CreateDeathMarker": 1,
    "BackgroundImagePath": "DayZExpansion/SpawnSelection/GUI/textures/wood_background.edds"
}
